<!--<configuration>-->
<!--    <appender name="FILE" class="ch.qos.logback.core.rolling.RollingFileAppender">-->
<!--        <file>logs/app.log</file>-->
<!--        <rollingPolicy class="ch.qos.logback.core.rolling.TimeBasedRollingPolicy">-->
<!--            <fileNamePattern>logs/app.%d{yyyy-MM-dd}.log</fileNamePattern>-->
<!--            <maxHistory>30</maxHistory>-->
<!--        </rollingPolicy>-->
<!--        <encoder>-->
<!--            <pattern>%date{ISO8601} [%thread] %-5level %logger{35} - %msg%n</pattern>-->
<!--        </encoder>-->
<!--    </appender>-->

<!--    <appender name="CONSOLE" class="ch.qos.logback.core.ConsoleAppender">-->
<!--        <layout class="ch.qos.logback.classic.PatternLayout">-->
<!--            <Pattern>-->
<!--                %cyan(%d{HH:mm:ss.SSS}) [%level] [%thread] %logger{36} - %yellow(%msg%n)-->
<!--            </Pattern>-->
<!--        </layout>-->
<!--    </appender>-->

<!--    <root level="INFO">-->
<!--        <appender-ref ref="FILE" />-->
<!--        <appender-ref ref="CONSOLE" />-->
<!--    </root>-->
<!--</configuration>-->

<configuration>

    <logger name="ch.qos.logback" level="ERROR" />
<!--    <logger name="org.springframework.boot" level="ERROR" />-->
<!--    <logger name="org.apache.catalina" level="ERROR" />-->
<!--    <logger name="org.apache.coyote" level="ERROR" />-->

    <property name="LOG_PATH" value="logs/app.log"/>
    <property name="LOG_ARCHIVE" value="logs/app.%d{yyyy-MM-dd}.log"/>
    <property name="MAX_HISTORY" value="30"/>

    <!-- Rolling File Appender -->
    <appender name="FILE" class="ch.qos.logback.core.rolling.RollingFileAppender">
        <file>${LOG_PATH}</file>
        <rollingPolicy class="ch.qos.logback.core.rolling.TimeBasedRollingPolicy">
            <fileNamePattern>${LOG_ARCHIVE}</fileNamePattern>
            <maxHistory>${MAX_HISTORY}</maxHistory>
            <cleanHistoryOnStart>true</cleanHistoryOnStart>
        </rollingPolicy>
        <encoder class="ch.qos.logback.classic.encoder.PatternLayoutEncoder">
            <pattern>%date{ISO8601} [%thread] %-5level %logger{35} - %msg%n</pattern>
        </encoder>
    </appender>


    <!-- Console Appender with colorized output -->
    <appender name="CONSOLE" class="ch.qos.logback.core.ConsoleAppender">
        <encoder class="ch.qos.logback.classic.encoder.PatternLayoutEncoder">
            <pattern>%cyan(%d{HH:mm:ss.SSS}) [%level] [%thread] %logger{36} - %yellow(%msg%n)</pattern>
        </encoder>
    </appender>

    <!-- Root logger configuration -->
    <root level="INFO">
        <appender-ref ref="FILE" />
        <appender-ref ref="CONSOLE" />
    </root>
</configuration>
